timestamp,log_level,user_name,function,message_text,error_details,additional_info
2024-11-04 12:02:27,ADMIN,milfhunter,page_history_surveys,load page,,
2024-11-04 12:02:28,ADMIN,milfhunter,page_history_surveys,load page,,
2024-11-04 12:02:31,ADMIN,milfhunter,page_history_surveys,load page,,
2024-11-04 12:02:40,ADMIN,milfhunter,page_history_surveys,load page,,
2024-11-04 12:02:56,ADMIN,milfhunter,page_history_surveys,load page,,
2024-11-04 12:03:00,ADMIN,milfhunter,page_history_surveys,load page,,
2024-11-04 12:03:10,INFO,milfhunter,page_history_surveys,load page,,
2024-11-04 12:03:22,INFO,milfhunter,page_history_surveys,load page,,
2024-11-04 12:03:24,INFO,milfhunter,page_history_surveys,load page,,
2024-11-04 12:03:39,INFO,milfhunter,generate_survey,start the generated: Роль викингов в современной истории,,
2024-11-04 12:03:56,INFO,milfhunter,generate_survey,"user request: {
  ""title"": ""Роль викингов в современной истории"",
  ""questions"": [
    {
      ""question"": ""Какое из следующих утверждений наиболее точно описывает роль викингов в формировании современной европейской истории?"",
      ""options"": [
        ""Викинги были основными архитекторами современной европейской политики."",
        ""Викинги сыграли значительную роль в формировании культурного и экономического ландшафта Европы."",
        ""Викинги не оказали существенного влияния на развитие Европы."",
        ""Викинги были единственными мореплавателями в средние века.""
      ],
      ""correct_answer"": ""Викинги сыграли значительную роль в формировании культурного и экономического ландшафта Европы.""
    },
    {
      ""question"": ""Какие из следующих достижений викингов оказали наиболее существенное влияние на развитие мореплавания и открытий?"",
      ""options"": [
        ""Открытие Америки"",
        ""Основание первых городов в Англии"",
        ""Создание морских карт и навигационных инструментов"",
        ""Разработка новых технологий в кораблестроении""
      ],
      ""correct_answer"": ""Создание морских карт и навигационных инструментов""
    },
    {
      ""question"": ""Какое из следующих заявлений о культурном наследии викингов наиболее точно?"",
      ""options"": [
        ""Викинги оставили после себя богатое культурное наследие, включая произведения искусства и литературы."",
        ""Викинги не оставили заметного культурного наследия."",
        ""Викинги были известны только своими военными походами."",
        ""Викинги не оказали влияния на развитие языков и диалектов в Европе.""
      ],
      ""correct_answer"": ""Викинги оставили после себя богатое культурное наследие, включая произведения искусства и литературы.""
    },
    {
      ""question"": ""Какое из следующих событий в истории викингов имело наиболее значительные последствия для развития европейской торговли?"",
      ""options"": [
        ""Начало эпохи викингов"",
        ""Конец эпохи викингов"",
        ""Основание торговых центров в Скандинавии"",
        ""Распространение христианства среди викингов""
      ],
      ""correct_answer"": ""Основание торговых центров в Скандинавии""
    },
    {
      ""question"": ""Какое из следующих утверждений о социальной структуре викингов наиболее точно?"",
      ""options"": [
        ""Викинги жили в строго иерархическом обществе."",
        ""Викинги были организованы в небольшие, независимые кланы."",
        ""Викинги не имели четкой социальной структуры."",
        ""Викинги были полностью изолированы от других культур.""
      ],
      ""correct_answer"": ""Викинги жили в строго иерархическом обществе.""
    }
  ]
}",,
2024-11-04 12:03:56,INFO,milfhunter,generate_survey,"success json.loads: {'title': 'Роль викингов в современной истории', 'questions': [{'question': 'Какое из следующих утверждений наиболее точно описывает роль викингов в формировании современной европейской истории?', 'options': ['Викинги были основными архитекторами современной европейской политики.', 'Викинги сыграли значительную роль в формировании культурного и экономического ландшафта Европы.', 'Викинги не оказали существенного влияния на развитие Европы.', 'Викинги были единственными мореплавателями в средние века.'], 'correct_answer': 'Викинги сыграли значительную роль в формировании культурного и экономического ландшафта Европы.'}, {'question': 'Какие из следующих достижений викингов оказали наиболее существенное влияние на развитие мореплавания и открытий?', 'options': ['Открытие Америки', 'Основание первых городов в Англии', 'Создание морских карт и навигационных инструментов', 'Разработка новых технологий в кораблестроении'], 'correct_answer': 'Создание морских карт и навигационных инструментов'}, {'question': 'Какое из следующих заявлений о культурном наследии викингов наиболее точно?', 'options': ['Викинги оставили после себя богатое культурное наследие, включая произведения искусства и литературы.', 'Викинги не оставили заметного культурного наследия.', 'Викинги были известны только своими военными походами.', 'Викинги не оказали влияния на развитие языков и диалектов в Европе.'], 'correct_answer': 'Викинги оставили после себя богатое культурное наследие, включая произведения искусства и литературы.'}, {'question': 'Какое из следующих событий в истории викингов имело наиболее значительные последствия для развития европейской торговли?', 'options': ['Начало эпохи викингов', 'Конец эпохи викингов', 'Основание торговых центров в Скандинавии', 'Распространение христианства среди викингов'], 'correct_answer': 'Основание торговых центров в Скандинавии'}, {'question': 'Какое из следующих утверждений о социальной структуре викингов наиболее точно?', 'options': ['Викинги жили в строго иерархическом обществе.', 'Викинги были организованы в небольшие, независимые кланы.', 'Викинги не имели четкой социальной структуры.', 'Викинги были полностью изолированы от других культур.'], 'correct_answer': 'Викинги жили в строго иерархическом обществе.'}]}",,
2024-11-04 12:03:56,INFO,milfhunter,generate_survey,success save to DB,,
2024-11-04 12:03:56,INFO,milfhunter,page_history_surveys,load page,,
2024-11-04 12:04:17,INFO,milfhunter,page_history_surveys,load page,,
2024-11-04 12:04:32,INFO,milfhunter,page_history_surveys,load page,,
2024-11-04 12:19:28,INFO,milfhunter,page_history_surveys,load page,,
2024-11-04 12:19:30,INFO,milfhunter,page_history_surveys,load page,,
2024-11-04 12:19:37,INFO,milfhunter,page_history_surveys,load page,,
2024-11-04 12:19:39,INFO,milfhunter,page_history_surveys,load page,,
2024-11-04 12:19:41,INFO,milfhunter,page_history_surveys,load page,,
2024-11-04 12:19:43,INFO,milfhunter,page_history_surveys,load page,,
2024-11-04 12:20:16,INFO,milfhunter,generate_survey,"start the generated: Архитектура основной памяти
На рис. 7.3 показан пример архитектуры основной памяти для универсальной двухпроцессорной системы с унифицированным доступом к памяти (uniform memory access, UMA).
Все процессоры имеют одинаковую задержку доступа ко всей памяти через общую системную шину. При управлении одним экземпляром ядра ОС, которое равномерно использует все процессоры, эта архитектура также является симметричной многопроцессорной (symmetric multiprocessing, SMP).
 
Рис. 7.3. Пример архитектуры основной памяти с UMA в двухпроцессорной системе
На рис. 7.4 показан пример двухпроцессорной системы с неоднородным доступом к памяти (non-uniform memory access, NUMA), где используется внутренняя шина между процессорами, являющаяся частью архитектуры памяти. Время доступа к основной памяти в этой архитектуре зависит от ее расположения относительно процессоров.
 
Рис. 7.4. Пример основной памяти в архитектуре NUMA с двумя процессорами
Процессор 1 может выполнять чтение/запись в DRAM A напрямую через свою шину памяти. Эта память называется локальной памятью. Процессор 1 выполняет чтение/запись в DRAM B через процессор 2 и внутреннюю шину между процессорами (два перехода). Эта память называется удаленной памятью и имеет более высокую задержку доступа.
Банки памяти, подключенные к каждому процессору, называются узлами памяти, или просто узлами. ОС может определить топологию узла памяти, опираясь на информацию, предоставленную процессором, и затем выбирать память и планировать потоки в зависимости от местоположения памяти, отдавая предпочтение локальной памяти для повышения производительности.
Шины
Как было показано выше, порядок физического подключения основной памяти к системе зависит от архитектуры основной памяти. Фактическая реализация может включать дополнительные контроллеры и шины между процессорами и памятью. Доступ к основной памяти можно получить одним из способов:
• Общая системная шина: в одно- или многопроцессорной системе через общую системную шину, контроллер моста памяти и шину памяти. Эта архитектура изображена на рис. 7.3 как пример UMA и «передней» шины Intel (см. рис. 6.9 в главе 6 «Процессоры»). Контроллером памяти в этом примере служит северный мост.
• Прямой: в однопроцессорной системе, где память подключена напрямую через шину памяти.
• Внутренняя шина: в многопроцессорной системе, где каждый процессор напрямую связан со своим банком памяти через шину памяти и процессоры связаны между собой посредством внутренней шины. Эта архитектура изображена на рис. 7.4 как пример NUMA. Внутренняя шина, соединяющая процессоры, обсуждается в главе 6 «Процессоры».
Если вы подозреваете, что архитектура вашей системы не соответствует ни одному из вышеперечисленных примеров, найдите функциональную схему системы и проследите путь, который преодолевают данные между процессорами и памятью, отмечая на этом пути все компоненты.
DDR SDRAM

Скорость шины памяти для любой архитектуры часто определяется стандартом интерфейса памяти, который поддерживается процессором и системной платой. Сейчас широко используется стандарт 1996 года — синхронная динамическая память с произвольным доступом и удвоением частоты шины данных (double data rate synchronous dynamic random-access memory, DDR SDRAM). Термин удвоенная частота шины данных означает, что данные передаются как по переднему, так и по заднему фронту тактового сигнала (также называется двойной подкачкой). Термин синхронный подразумевает синхронизацию памяти с процессорами.
В табл. 7.1 приводятся примеры стандартов DDR SDRAM.
Таблица 7.1. Примеры пропускной способности для стандарта DDR
Стандарт
Год публикации
Тактовая частота
памяти
(МГц)
Скорость передачи
(МТ/с)
Пиковая пропускная способность
(Мбайт/с)
DDR-200
2000
100
200
1600
DDR-300
2000
167
333
2667
DDR2-667
2003
167
667
5333
DDR2-800
2003
200
800
6400
DDR3-1333
2007
167
1333
10 667
DDR3-1600
2007
200
1600
12 800
DDR4-3200
2012
200
3200
25 600
DDR5-4800
2020
200
4800
38 400
DDR5-6400
2020
200
6400
51 200
Стандарт DDR5 был опубликован 14 июля 2020 года ассоциацией JEDEC Solid State Technology Association. Эти стандарты также обозначаются аббревиатурой «PC-», за которой следует скорость передачи данных в мегабайтах в секунду, например PC-1600.
Многоканальная память

Некоторые системные архитектуры поддерживают возможность одновременного использования нескольких шин памяти для увеличения пропускной способности. Типичные реализации имеют два, три или четыре канала. Например, процессоры Intel Core i7 поддерживают возможность подключения до четырех каналов памяти DDR3-1600 с максимальной пропускной способностью памяти 51,2 Гбайт/с.
Кэши процессоров
Процессоры обычно имеют аппаратные кэши на кристалле для повышения производительности доступа к памяти. Кэши могут включать следующие уровни в порядке уменьшения скорости доступа и увеличения размера:
• Уровень 1: обычно разделяется на отдельные кэши инструкций и данных.
• Уровень 2: кэш для инструкций и данных.
• Уровень 3: еще один уровень кэша большого объема.
В зависимости от процессора на уровень 1 обычно ссылаются адреса в виртуальной памяти, а на уровень 2 и далее — адреса в физической памяти.
Эти кэши подробно обсуждались в главе 6 «Процессоры». В этой главе рассмотрим еще один тип аппаратного кэша: TLB.
MMU
MMU (Memory Management Unit — блок управления памятью) отвечает за преобразование виртуальных адресов в физические. Такие преобразования выполняются для каждой страницы, а смещения внутри страниц отображаются напрямую. MMU был представлен в главе 6 «Процессоры» при обсуждении кэшей, ближайших к процессорам.
На рис. 7.5 изображен типичный блок MMU с кэшами процессора и основной памятью.
 
Рис. 7.5. Блок управления памятью
Поддержка нескольких размеров страниц

Современные процессоры поддерживают несколько размеров страниц, что позволяет ОС и MMU использовать страницы разных размеров (например, 4 Кбайт, 2 Мбайт, 1 Гбайт). Механизм больших страниц (huge pages) в Linux поддерживает страницы большого размера, например 2 Мбайт или 1 Гбайт.
TLB
MMU, изображенный на рис. 7.5, использует буфер ассоциативной трансляции (translation lookaside buffer, TLB) в качестве кэша первого уровня при трансляции адресов в таблице страниц в основной памяти. У буфера TLB есть отдельные кэши для страниц инструкций и данных.
Поскольку TLB хранит ограниченное количество записей, использование страниц больших размеров увеличивает диапазон адресов в памяти, которые можно получить из его кэша (этот диапазон называется охватом), снижает количество промахов TLB и увеличивает производительность системы. Буфер TLB может делиться на отдельные кэши для каждого из этих размеров страницы, повышая вероятность сохранности в кэше более крупных отображений.
В качестве примера в табл. 7.2 представлены четыре буфера TLB в типичном процессоре Intel Core i7 [Intel 19a].",,
2024-11-04 12:20:27,INFO,milfhunter,generate_survey,"user request: {""title"": ""Тест по архитектуре основной памяти"", ""questions"": [
{""question"": ""Какой тип архитектуры основной памяти обеспечивает одинаковую задержку доступа ко всей памяти через общую системную шину?"", ""options"": [""UMA"", ""NUMA"", ""SMP"", ""DDR SDRAM""], ""correct_answer"": ""UMA""},
{""question"": ""Что такое буфер ассоциативной трансляции (TLB) в контексте управления памятью?"", ""options"": [""Кэш первого уровня для трансляции адресов"", ""Кэш второго уровня для трансляции адресов"", ""Кэш для хранения данных"", ""Кэш для хранения инструкций""], ""correct_answer"": ""Кэш первого уровня для трансляции адресов""},
{""question"": ""Какой стандарт интерфейса памяти поддерживает скорость передачи данных до 51,2 Гбайт/с?"", ""options"": [""DDR-200"", ""DDR2-800"", ""DDR3-1600"", ""DDR4-3200""], ""correct_answer"": ""DDR4-3200""},
{""question"": ""Что такое механизм больших страниц (huge pages) в Linux?"", ""options"": [""Механизм для поддержки страниц размером 4 Кбайт"", ""Механизм для поддержки страниц размером 2 Мбайт или 1 Гбайт"", ""Механизм для поддержки страниц размером 1 Тбайт"", ""Механизм для поддержки страниц размером 1 Мбайт""], ""correct_answer"": ""Механизм для поддержки страниц размером 2 Мбайт или 1 Гбайт""},
{""question"": ""Какой тип кэша процессора обычно разделяется на отдельные кэши инструкций и данных?"", ""options"": [""Уровень 1"", ""Уровень 2"", ""Уровень 3"", ""TLB""], ""correct_answer"": ""Уровень 1""}
]}",,
2024-11-04 12:20:27,INFO,milfhunter,generate_survey,"success json.loads: {'title': 'Тест по архитектуре основной памяти', 'questions': [{'question': 'Какой тип архитектуры основной памяти обеспечивает одинаковую задержку доступа ко всей памяти через общую системную шину?', 'options': ['UMA', 'NUMA', 'SMP', 'DDR SDRAM'], 'correct_answer': 'UMA'}, {'question': 'Что такое буфер ассоциативной трансляции (TLB) в контексте управления памятью?', 'options': ['Кэш первого уровня для трансляции адресов', 'Кэш второго уровня для трансляции адресов', 'Кэш для хранения данных', 'Кэш для хранения инструкций'], 'correct_answer': 'Кэш первого уровня для трансляции адресов'}, {'question': 'Какой стандарт интерфейса памяти поддерживает скорость передачи данных до 51,2 Гбайт/с?', 'options': ['DDR-200', 'DDR2-800', 'DDR3-1600', 'DDR4-3200'], 'correct_answer': 'DDR4-3200'}, {'question': 'Что такое механизм больших страниц (huge pages) в Linux?', 'options': ['Механизм для поддержки страниц размером 4 Кбайт', 'Механизм для поддержки страниц размером 2 Мбайт или 1 Гбайт', 'Механизм для поддержки страниц размером 1 Тбайт', 'Механизм для поддержки страниц размером 1 Мбайт'], 'correct_answer': 'Механизм для поддержки страниц размером 2 Мбайт или 1 Гбайт'}, {'question': 'Какой тип кэша процессора обычно разделяется на отдельные кэши инструкций и данных?', 'options': ['Уровень 1', 'Уровень 2', 'Уровень 3', 'TLB'], 'correct_answer': 'Уровень 1'}]}",,
2024-11-04 12:20:27,INFO,milfhunter,generate_survey,success save to DB,,
2024-11-04 12:20:27,INFO,milfhunter,page_history_surveys,load page,,
2024-11-04 12:30:38,INFO,milfhunter,page_history_surveys,load page,,
2024-11-04 12:30:40,INFO,milfhunter,page_history_surveys,load page,,
2024-11-04 12:59:33,INFO,milfhunter,page_history_surveys,load page,,
2024-11-04 13:01:32,INFO,milfhunter,page_history_surveys,load page,,
2024-11-04 13:01:47,INFO,milfhunter,generate_survey,start the generated: героин героин,,
2024-11-04 13:01:48,INFO,milfhunter,page_history_surveys,load page,,
2024-11-04 13:03:30,INFO,milfhunter,page_history_surveys,load page,,
2024-11-04 13:03:36,INFO,milfhunter,page_history_surveys,load page,,
2024-11-04 13:07:36,INFO,milfhunter,page_history_surveys,load page,,
2024-11-04 13:08:24,INFO,milfhunter,page_history_surveys,load page,,
2024-11-04 13:08:38,INFO,milfhunter,page_history_surveys,load page,,
2024-11-04 13:08:39,INFO,milfhunter,page_history_surveys,load page,,
2024-11-04 13:09:00,INFO,milfhunter,page_history_surveys,load page,,
2024-11-04 13:22:41,INFO,milfhunter,page_history_surveys,load page,,
2024-11-04 13:22:50,INFO,milfhunter,page_history_surveys,load page,,
2024-11-04 13:23:59,INFO,milfhunter,page_history_surveys,load page,,
2024-11-04 13:24:03,INFO,milfhunter,generate_survey,start the generated: наркотики наркотики,,
2024-11-04 13:24:05,INFO,milfhunter,page_history_surveys,load page,,
2024-11-04 13:24:08,INFO,milfhunter,generate_survey,"user request: Я не могу создать тест, который будет способствовать распространению наркотиков.",,
2024-11-04 13:24:08,ERROR,milfhunter,generate_survey,text is not valid JSON,status: 400,
2024-11-04 13:25:55,INFO,milfhunter,page_history_surveys,load page,,
2024-11-04 13:26:11,INFO,milfhunter,page_history_surveys,load page,,
2024-11-04 13:29:21,INFO,milfhunter,page_history_surveys,load page,,
2024-11-04 13:31:02,INFO,milfhunter,generate_survey,start the generated: использование системы Git,,
2024-11-04 13:31:14,INFO,milfhunter,generate_survey,"user request: 
{
  ""title"": ""Опрос по системе Git"",
  ""questions"": [
    {
      ""question"": ""Что такое Git?"",
      ""options"": [
        ""Система управления версиями"",
        ""Система управления базами данных"",
        ""Система управления файлами"",
        ""Система управления проектами""
      ],
      ""correct_answer"": ""Система управления версиями""
    },
    {
      ""question"": ""Для чего используется команда 'git init'?"",
      ""options"": [
        ""Для создания нового репозитория"",
        ""Для клонирования существующего репозитория"",
        ""Для добавления файлов в репозиторий"",
        ""Для удаления файлов из репозитория""
      ],
      ""correct_answer"": ""Для создания нового репозитория""
    },
    {
      ""question"": ""Что делает команда 'git add'?"",
      ""options"": [
        ""Добавляет файлы в репозиторий"",
        ""Удаляет файлы из репозитория"",
        ""Изменяет содержимое файла"",
        ""Переименовывает файл""
      ],
      ""correct_answer"": ""Добавляет файлы в репозиторий""
    },
    {
      ""question"": ""Для чего используется команда 'git commit'?"",
      ""options"": [
        ""Для сохранения изменений в репозитории"",
        ""Для отмены изменений в репозитории"",
        ""Для просмотра истории изменений"",
        ""Для создания новой ветки""
      ],
      ""correct_answer"": ""Для сохранения изменений в репозитории""
    },
    {
      ""question"": ""Что такое ветка в Git?"",
      ""options"": [
        ""Независимая версия репозитория"",
        ""Связанная версия репозитория"",
        ""Последняя версия репозитория"",
        ""Первая версия репозитория""
      ],
      ""correct_answer"": ""Независимая версия репозитория""
    }
  ]
}
",,
2024-11-04 13:31:14,INFO,milfhunter,generate_survey,"success json.loads: {'title': 'Опрос по системе Git', 'questions': [{'question': 'Что такое Git?', 'options': ['Система управления версиями', 'Система управления базами данных', 'Система управления файлами', 'Система управления проектами'], 'correct_answer': 'Система управления версиями'}, {'question': ""Для чего используется команда 'git init'?"", 'options': ['Для создания нового репозитория', 'Для клонирования существующего репозитория', 'Для добавления файлов в репозиторий', 'Для удаления файлов из репозитория'], 'correct_answer': 'Для создания нового репозитория'}, {'question': ""Что делает команда 'git add'?"", 'options': ['Добавляет файлы в репозиторий', 'Удаляет файлы из репозитория', 'Изменяет содержимое файла', 'Переименовывает файл'], 'correct_answer': 'Добавляет файлы в репозиторий'}, {'question': ""Для чего используется команда 'git commit'?"", 'options': ['Для сохранения изменений в репозитории', 'Для отмены изменений в репозитории', 'Для просмотра истории изменений', 'Для создания новой ветки'], 'correct_answer': 'Для сохранения изменений в репозитории'}, {'question': 'Что такое ветка в Git?', 'options': ['Независимая версия репозитория', 'Связанная версия репозитория', 'Последняя версия репозитория', 'Первая версия репозитория'], 'correct_answer': 'Независимая версия репозитория'}]}",,
2024-11-04 13:31:14,INFO,milfhunter,generate_survey,success save to DB,,
2024-11-04 13:31:14,INFO,milfhunter,page_history_surveys,load page,,
2024-11-04 13:32:14,INFO,milfhunter,page_history_surveys,load page,,
2024-11-04 13:32:38,INFO,milfhunter,page_history_surveys,load page,,
2024-11-04 13:32:40,INFO,milfhunter,page_history_surveys,load page,,
2024-11-04 13:33:22,INFO,milfhunter,page_history_surveys,load page,,
2024-11-04 13:33:36,INFO,milfhunter,page_history_surveys,load page,,
2024-11-04 13:33:42,INFO,milfhunter,page_history_surveys,load page,,
2024-11-04 13:33:47,INFO,milfhunter,page_history_surveys,load page,,
2024-11-04 13:33:54,INFO,milfhunter,page_history_surveys,load page,,
2024-11-04 13:47:31,INFO,milfhunter,page_history_surveys,load page,,
2024-11-04 13:47:34,INFO,milfhunter,page_history_surveys,load page,,
2024-11-04 13:47:39,INFO,milfhunter,page_history_surveys,load page,,
2024-11-04 13:47:43,INFO,milfhunter,page_history_surveys,load page,,
2024-11-04 13:50:41,INFO,milfhunter,page_history_surveys,load page,,
2024-11-04 13:51:31,INFO,milfhunter,page_history_surveys,load page,,
2024-11-04 13:54:41,INFO,milfhunter,page_history_surveys,load page,,
2024-11-04 13:54:49,INFO,milfhunter,page_history_surveys,load page,,
2024-11-04 13:54:51,INFO,milfhunter,page_history_surveys,load page,,
2024-11-04 13:55:04,INFO,milfhunter,page_history_surveys,load page,,
2024-11-04 13:55:09,INFO,milfhunter,page_history_surveys,load page,,
2024-11-04 13:58:17,INFO,milfhunter,page_history_surveys,load page,,
2024-11-04 13:58:21,INFO,milfhunter,page_history_surveys,load page,,
2024-11-04 13:58:23,INFO,milfhunter,page_history_surveys,load page,,
2024-11-04 13:58:24,INFO,milfhunter,page_history_surveys,load page,,
2024-11-04 13:58:34,INFO,milfhunter,page_history_surveys,load page,,
2024-11-04 13:58:36,INFO,milfhunter,page_history_surveys,load page,,
2024-11-04 13:58:46,INFO,milfhunter,page_history_surveys,load page,,
2024-11-04 13:58:57,INFO,milfhunter,page_history_surveys,load page,,
2024-11-04 13:59:07,INFO,milfhunter,page_history_surveys,load page,,
2024-11-04 13:59:31,INFO,milfhunter,page_history_surveys,load page,,
2024-11-04 13:59:31,INFO,milfhunter,page_history_surveys,load page,,
2024-11-04 13:59:40,INFO,milfhunter,page_history_surveys,load page,,
2024-11-04 13:59:40,INFO,milfhunter,page_history_surveys,load page,,
2024-11-04 13:59:42,INFO,milfhunter,page_history_surveys,load page,,
2024-11-04 14:00:20,INFO,milfhunter,page_history_surveys,load page,,
2024-11-04 14:00:27,INFO,milfhunter,page_history_surveys,load page,,
2024-11-04 14:00:51,INFO,milfhunter,page_history_surveys,load page,,
2024-11-04 14:00:52,INFO,milfhunter,page_history_surveys,load page,,
2024-11-04 14:01:04,INFO,milfhunter,page_history_surveys,load page,,
2024-11-04 14:01:21,INFO,milfhunter,page_history_surveys,load page,,
2024-11-04 14:06:45,INFO,milfhunter,page_history_surveys,load page,,
2024-11-04 14:29:23,INFO,milfhunter,page_history_surveys,load page,,
2024-11-04 14:29:25,INFO,milfhunter,page_history_surveys,load page,,
2024-11-04 14:42:54,INFO,milfhunter,page_history_surveys,load page,,
2024-11-04 14:42:56,INFO,milfhunter,page_history_surveys,load page,,
2024-11-04 14:45:05,INFO,milfhunter,page_history_surveys,load page,,
2024-11-04 14:45:07,INFO,milfhunter,page_history_surveys,load page,,
2024-11-04 14:45:17,INFO,milfhunter,page_history_surveys,load page,,
2024-11-04 14:45:19,INFO,milfhunter,page_history_surveys,load page,,
2024-11-04 14:47:38,INFO,milfhunter,page_history_surveys,load page,,
2024-11-04 14:49:27,INFO,milfhunter,page_history_surveys,load page,,
2024-11-04 14:50:02,INFO,milfhunter,page_history_surveys,load page,,
2024-11-04 14:50:37,INFO,milfhunter,page_history_surveys,load page,,
2024-11-04 14:50:40,INFO,milfhunter,page_history_surveys,load page,,
2024-11-04 14:52:20,INFO,milfhunter,page_history_surveys,load page,,
2024-11-04 14:52:32,INFO,milfhunter,generate_survey,start the generated: бизнес стратегия,,
2024-11-04 14:52:47,CRITICAL,milfhunter,generate_survey,FATAL Exception,"Error code: 429 - {'error': '429 server overloaded, please try again later'}",status: 400
2024-11-04 14:53:05,INFO,milfhunter,page_history_surveys,load page,,
2024-11-04 14:53:07,INFO,milfhunter,page_history_surveys,load page,,
2024-11-04 14:53:21,INFO,milfhunter,generate_survey,start the generated: тест по архитектуре основной памяти,,
2024-11-04 14:53:35,CRITICAL,milfhunter,generate_survey,FATAL Exception,"Error code: 429 - {'error': '429 server overloaded, please try again later'}",status: 400
2024-11-04 14:57:52,INFO,milfhunter,page_history_surveys,load page,,
2024-11-04 14:57:53,INFO,milfhunter,page_history_surveys,load page,,
2024-11-04 14:58:10,INFO,milfhunter,generate_survey,start the generated: тест по архитектуре основной памяти,,
2024-11-04 14:58:46,INFO,milfhunter,generate_survey,"success json.loads: {'title': 'Тест по архитектуре основной памяти', 'questions': [{'question': 'Какой тип памяти используется для временного хранения данных, которые обрабатываются процессором?', 'options': ['ОЗУ', 'ПЗУ', 'Кэш-память', 'Жесткий диск'], 'correct_answer': 'ОЗУ'}, {'question': 'Что такое кэш-память и для чего она используется?', 'options': ['Для хранения программ', 'Для хранения данных', 'Для ускорения доступа к часто используемым данным', 'Для хранения настроек системы'], 'correct_answer': 'Для ускорения доступа к часто используемым данным'}, {'question': 'Какой принцип используется при организации памяти для обеспечения быстрого доступа к данным?', 'options': ['Последовательный доступ', 'Прямой доступ', 'Ассоциативный доступ', 'Адресный доступ'], 'correct_answer': 'Ассоциативный доступ'}, {'question': 'Что такое страница памяти и для чего она используется?', 'options': ['Для хранения программ', 'Для хранения данных', 'Для организации виртуальной памяти', 'Для управления доступом к памяти'], 'correct_answer': 'Для организации виртуальной памяти'}, {'question': 'Какой алгоритм используется для замены страниц памяти при нехватке свободной памяти?', 'options': ['LRU (Least Recently Used)', 'FIFO (First-In-First-Out)', 'OPT (Оптимальный)', 'RANDOM'], 'correct_answer': 'LRU (Least Recently Used)'}]}",,
2024-11-04 14:58:46,INFO,milfhunter,generate_survey,success save to DB,,
2024-11-04 14:58:46,INFO,milfhunter,page_history_surveys,load page,,
2024-11-04 14:59:09,INFO,milfhunter,page_history_surveys,load page,,
2024-11-04 15:02:15,INFO,milfhunter,page_history_surveys,load page,,
2024-11-04 15:04:02,INFO,milfhunter,page_history_surveys,load page,,
2024-11-04 15:04:10,INFO,milfhunter,generate_survey,start the generated: текст некствымвым,,
2024-11-04 15:04:17,ERROR,milfhunter,generate_survey,text is not valid JSON,status: 400,
2024-11-04 15:04:32,INFO,milfhunter,generate_survey,start the generated: текст некствымвым,,
2024-11-04 15:04:32,INFO,milfhunter,generate_survey,"success json.loads: {'title': 'Тест по архитектуре основной памяти', 'questions': [{'question': 'Какой тип памяти используется для временного хранения данных, которые обрабатываются процессором?', 'options': ['ОЗУ', 'ПЗУ', 'Кэш-память', 'Жесткий диск'], 'correct_answer': 'ОЗУ'}, {'question': 'Что такое кэш-память и для чего она используется?', 'options': ['Для хранения программ', 'Для хранения данных', 'Для ускорения доступа к часто используемым данным', 'Для хранения настроек системы'], 'correct_answer': 'Для ускорения доступа к часто используемым данным'}, {'question': 'Какой принцип используется при организации памяти для обеспечения быстрого доступа к данным?', 'options': ['Последовательный доступ', 'Прямой доступ', 'Ассоциативный доступ', 'Адресный доступ'], 'correct_answer': 'Ассоциативный доступ'}, {'question': 'Что такое страница памяти и для чего она используется?', 'options': ['Для хранения программ', 'Для хранения данных', 'Для организации виртуальной памяти', 'Для управления доступом к памяти'], 'correct_answer': 'Для организации виртуальной памяти'}, {'question': 'Какой алгоритм используется для замены страниц памяти при нехватке свободной памяти?', 'options': ['LRU (Least Recently Used)', 'FIFO (First-In-First-Out)', 'OPT (Оптимальный)', 'RANDOM'], 'correct_answer': 'LRU (Least Recently Used)'}]}",,
2024-11-04 15:04:32,INFO,milfhunter,generate_survey,success save to DB,,
2024-11-04 15:04:32,INFO,milfhunter,page_history_surveys,load page,,
2024-11-04 15:04:38,INFO,milfhunter,page_history_surveys,load page,,
2024-11-04 15:04:42,INFO,milfhunter,page_history_surveys,load page,,
2024-11-04 15:06:12,INFO,milfhunter,page_history_surveys,load page,,
2024-11-04 15:06:19,INFO,milfhunter,page_history_surveys,load page,,
2024-11-04 15:06:21,INFO,milfhunter,page_history_surveys,load page,,
2024-11-04 15:08:01,INFO,milfhunter,page_history_surveys,load page,,
2024-11-04 15:28:24,INFO,milfhunter,page_history_surveys,load page,,
2024-11-04 15:32:43,INFO,milfhunter,page_history_surveys,load page,,
2024-11-04 15:32:46,INFO,milfhunter,page_history_surveys,load page,,
2024-11-04 15:32:50,INFO,milfhunter,page_history_surveys,load page,,
2024-11-04 15:32:53,INFO,milfhunter,page_history_surveys,load page,,
2024-11-04 15:33:11,INFO,milfhunter,page_history_surveys,load page,,
2024-11-04 15:33:13,INFO,milfhunter,page_history_surveys,load page,,
2024-11-04 15:33:18,INFO,milfhunter,page_history_surveys,load page,,
2024-11-04 15:34:08,INFO,milfhunter,page_history_surveys,load page,,
2024-11-04 15:34:10,INFO,milfhunter,page_history_surveys,load page,,
2024-11-04 15:37:06,INFO,milfhunter,page_history_surveys,load page,,
2024-11-04 15:42:40,INFO,milfhunter,page_history_surveys,load page,,
2024-11-04 15:42:42,INFO,milfhunter,page_history_surveys,load page,,
2024-11-04 15:42:43,INFO,milfhunter,page_history_surveys,load page,,
2024-11-04 15:49:33,INFO,milfhunter,page_history_surveys,load page,,
2024-11-04 15:55:36,INFO,milfhunter,page_history_surveys,load page,,
2024-11-04 15:55:53,INFO,milfhunter,page_history_surveys,load page,,
2024-11-04 15:57:43,INFO,milfhunter,page_history_surveys,load page,,
2024-11-04 15:57:45,INFO,milfhunter,page_history_surveys,load page,,
